{
    "width": 1280,
    "height": 720,
    "intrinsic_matrix": [
        601.283142,
        0,
        0,
        0,
        600.955139,
        0,
        638.310364,
        367.007721,
        1
    ]
}
